condition,age_group,key_symptoms,red_flags,first_line_guidance,notes
Common cold,0-12 years,Runny nose; sneezing; mild cough; low-grade fever,Fast or noisy breathing; fever above 39C over 3 days; poor feeding,Supportive care with fluids and rest; see a pediatrician if red flags appear,Source: WHO IMCI chart booklet
Otitis media (ear infection),6 months-5 years,Ear pain; ear tugging; fever; fussiness,Ear discharge; severe pain; symptoms beyond 2-3 days,A pediatrician decides between observation and antibiotics; never start antibiotics on your own,Source: pediatric reference
Asthma (mild intermittent),5-12 years,Wheeze; night cough; breathlessness with activity,Blue lips; cannot speak full sentences; reliever needed very often,Diagnosis and written action plan come from a pediatrician; families follow the plan,Source: guideline summary
Acute gastroenteritis,0-5 years,Vomiting; watery diarrhea; mild fever,No urine 6+ hours; sunken eyes; very sleepy; blood in stool,ORS for fluid loss; urgent care if dehydration signs appear,Source: WHO IMCI chart booklet
Fever in neonate,0-28 days,Rectal temperature 38C or higher,ANY fever at this age is itself the red flag,Immediate medical care; do not wait or try home treatment,Source: pediatric emergency guidance
Chickenpox,1-12 years,Itchy blister rash; mild fever,Blisters near eyes; breathing difficulty; infected-looking sores,Keep child home and comfortable; pediatrician advises on itch relief; vaccine prevents most cases,Source: CDC materials
Croup,6 months-5 years,Barky cough; hoarse voice; worse at night,Stridor at rest; drooling; blue lips; severe distress,Calm the child; urgent care if any red flag appears,Source: pediatric reference
Bronchiolitis,0-2 years,Runny nose then wheeze and cough; poor feeding,Fast breathing; ribs showing; pauses in breathing,Supportive care with fluids and monitoring; antibiotics do not treat viruses; hospital if labored breathing,Source: pediatric reference
Functional constipation,1-12 years,Infrequent hard stools; pain passing stool; withholding,Blood in stool; vomiting; swollen belly; weight loss,Fluids fiber and activity first; pediatrician guides any laxative use; never dose laxatives yourself,Source: pediatric reference
Atopic eczema,0-12 years,Dry itchy patches; worse in winter; allergy family history,Oozing or crusted sores; spreading redness with fever; severe sleep loss,Moisturizers and trigger avoidance; pediatrician grades severity and prescribes treatment,Source: pediatric reference
Hand foot and mouth disease,0-5 years,Fever; mouth sores; rash on hands and feet,Dehydration from refusing fluids; very sleepy; stiff neck,Cold fluids and soft foods; fluids matter most; care if child stops drinking,Source: CDC materials
Roseola,6 months-2 years,High fever 3-4 days then pink rash as fever breaks,Seizure with fever; rash with breathing difficulty; fever beyond 4 days,Fever comfort per pediatric guidance; rash phase needs no treatment; urgent care for seizures,Source: pediatric reference
Fifth disease (erythema infectiosum),2-12 years,Slapped-cheek rash; mild fever; cold-like start,Severe anemia signs in blood disorders; joint swelling; rash in pregnancy contacts,Usually mild and self-limited; keep comfortable; pregnant contacts should call their doctor,Source: CDC materials
Scarlet fever,2-12 years,Sore throat; sandpaper rash; strawberry tongue; fever,Trouble breathing or swallowing; drooling; rash with high persistent fever,Needs a pediatrician visit for testing and prescription antibiotics; finish the full course,Source: CDC materials
Strep throat,3-15 years,Sudden sore throat; fever; swollen neck glands; no cough,Croup-like breathing trouble; drooling; rash; symptoms beyond 2 days,Test before antibiotics; viral sore throats need no antibiotics; see a pediatrician,Source: CDC materials
Acute otitis externa (swimmer's ear),2-12 years,Ear pain worse when pulling the ear; itching; discharge,Severe swelling closing the canal; fever with spreading redness; diabetes or immune issues,Ear drops per prescription; keep ears dry; pediatrician confirms the diagnosis,Source: pediatric reference
Conjunctivitis (pink eye),0-12 years,Red watery or sticky eyes; crusting overnight,Eye pain; light sensitivity; vision changes; newborn with sticky eyes,Most viral cases resolve alone; bacterial cases may need drops; newborn eye discharge needs prompt care,Source: CDC materials
Cradle cap (seborrheic dermatitis),0-6 months,Scaly yellowish patches on scalp; mild redness,Spreading raw or oozing patches; failure to thrive; widespread rash,Gentle washing and soft brushing; harmless and usually fades; pediatrician if spreading,Source: pediatric reference
Diaper rash,0-2 years,Red irritated skin in diaper area; mild discomfort,Blisters or open sores; spreading beyond diaper area; fever,Frequent changes and barrier ointment; air-dry skin; care if blistered or febrile,Source: AAD guidance
Impetigo,0-12 years,Honey-colored crusts around nose and mouth; mild itch,Spreading fast; large blisters; fever; not improving in 2-3 days,Prescription cream or antibiotics; keep sores covered; keep child home until treated per guidance,Source: CDC materials
Ringworm (tinea corporis),1-12 years,Ring-shaped itchy scaly patches,Widespread lesions; scalp involvement; oozing or painful patches,Antifungal cream per pharmacist guidance; scalp ringworm needs oral prescription; avoid sharing towels,Source: CDC materials
Head lice,3-12 years,Itchy scalp; visible nits near ears and neck,Secondary infected sores; rash beyond scalp; treatment failure twice,Medicated shampoo per package directions; wet-combing; wash bedding; school policy check,Source: CDC materials
Pinworms,2-12 years,Nighttime anal itching; irritability; trouble sleeping,Weight loss; persistent daytime itching; vaginal irritation,Single-dose medicine per pharmacist guidance for household; handwashing and nail trimming; repeat per guidance,Source: CDC materials
Urinary tract infection,0-12 years,Fever without clear cause; painful urination; foul urine; belly pain,Vomiting with fever; back pain; newborn with fever; blood in urine,Needs testing before antibiotics; collect sample as instructed; infants with fever need prompt evaluation,Source: pediatric reference
Pneumonia (community-acquired),0-12 years,Fast breathing; cough; fever; chest indrawing,Blue lips; grunting; inability to drink; severe chest indrawing,Urgent evaluation; antibiotics only for bacterial cases per prescription; vaccines prevent many cases,Source: WHO IMCI chart booklet
Dehydration,0-5 years,Thirst; fewer wet diapers; dry mouth; sunken eyes,No urine 6+ hours; lethargy; cold hands; rapid breathing,ORS early and often; continue feeding; emergency care for severe signs,Source: WHO IMCI chart booklet
Febrile seizure,6 months-5 years,Seizure during rapid fever rise; brief generalized shaking,Seizure over 5 minutes; repeated seizures in 24h; slow recovery; stiff neck,Time it and cushion the head; urgent care for first seizure or any red flag; most brief ones resolve,Source: pediatric reference
Head injury (minor),0-12 years,Bump; brief cry; small cut or bruise,Vomiting repeatedly; unusual sleepiness; unequal pupils; bleeding that won't stop; fall from height,Observe closely for 24 hours; wake once overnight per guidance; emergency for any red flag,Source: pediatric emergency guidance
Nosebleed (epistaxis),2-12 years,Bleeding from one nostril; often after nose picking or dry air,Bleeding over 20 minutes; both nostrils heavy flow; frequent recurrences; after head injury,Pinch soft nose 10-15 minutes leaning forward; humidify air; care if prolonged or recurrent,Source: pediatric reference
Growing pains,3-12 years,Evening leg aches; both legs; gone by morning; normal exams,One-sided pain; joint swelling; limping; daytime pain; fever with pain,Reassurance plus gentle massage and warmth; red-flag patterns need evaluation,Source: pediatric reference
Teething,4-12 months,Drooling; gum rubbing; fussiness; mild temperature,High fever; diarrhea with dehydration; ear pulling with fever; rash,Chewing rings and gum massage; teething does not cause high fever; care for true fever signs,Source: AAP guidance
Colic,0-4 months,Evening crying spells; clenched fists; draws knees up; consolable at times,Blood in stool; vomiting; poor weight gain; fever,Soothing routines and burping; usually fades by 3-4 months; pediatrician rules out other causes,Source: pediatric reference
Food allergy (suspected),0-12 years,Hives or swelling after food; vomiting; eczema flares,Trouble breathing; throat tightness; dizziness; repeated vomiting (anaphylaxis signs),Avoid the suspect food; emergency plan for severe reactions; allergist confirms with testing,Source: guideline summary
Allergic rhinitis (hay fever),2-12 years,Sneezing; runny itchy nose; itchy eyes; seasonal pattern,Wheezing with colds; chronic mouth breathing; poor sleep; recurrent ear infections,Saline rinses and trigger control; antihistamines per age labeling; pediatrician for persistent cases,Source: pediatric reference
Insect sting reaction (local),0-12 years,Local pain swelling and redness at sting site,Trouble breathing; face or throat swelling; dizziness; widespread hives (anaphylaxis),Cold compress and observation; emergency injection per action plan if prescribed; urgent care for systemic signs,Source: pediatric emergency guidance
Burns (minor thermal),0-12 years,Red painful skin; small blisters; single small area,Blistered large areas; face hands or joints involved; white or charred skin; breathing difficulty,Cool running water 10-20 minutes; cover loosely; urgent or emergency care by severity,Source: pediatric emergency guidance
Splinter,1-12 years,Small painful spot with visible splinter,Deep or face-located splinter; spreading redness; pus; fever,Clean tweezers and clean skin; remove shallow ones; care for deep or infected cases,Source: pediatric reference
Motion sickness,2-12 years,Nausea in cars or boats; vomiting on trips; dizziness,Dehydration from repeated vomiting; head injury context; severe headache with vomiting,Face-forward seating and fresh air; planned stops; pharmacist guidance for medicines by age,Source: pediatric reference
Heat rash (miliaria),0-5 years,Small red bumps in skin folds during heat; mild itch,Pus-filled lesions; spreading with fever; oozing or crusted areas,Cool loose clothing and cool baths; fades in days; care for infected-looking lesions,Source: pediatric reference
Sunburn (mild),0-12 years,Red warm tender skin after sun; mild swelling,Blistering burns; face swelling; fever or chills after burn; infant sunburn,Cool compresses and fluids; infants need shade not sun; urgent care for blistering or infant burns,Source: CDC materials
Frostnip / cold exposure,0-12 years,Pale numb fingers toes or ears in cold; tingling on rewarming,White hard waxy skin; blisters; no feeling after rewarming,Warm gradually indoors; never rub snow on skin; urgent care for hard white areas or blisters,Source: pediatric emergency guidance
Sleep problems (bedtime resistance),1-12 years,Stalling at bedtime; night waking; early rising; daytime crankiness,Loud nightly snoring with pauses; gasping; severe daytime sleepiness; failure to thrive,Consistent routine and sleep environment; screen limits before bed; pediatrician for breathing-related signs,Source: AAP guidance
Bedwetting (nocturnal enuresis),5-12 years,Wetting during sleep; otherwise healthy child; family history common,Daytime wetting with pain; excessive thirst; snoring with pauses; sudden onset after dryness,Usually outgrown; limit evening fluids; moisture alarms per guidance; pediatrician for daytime symptoms,Source: pediatric reference
Temper tantrums,1-4 years,Crying screaming or flailing when frustrated; brief episodes,Hurting self or others; breath-holding with blue spells often; regression of skills,Stay calm and keep safe; name feelings after; pediatrician for injurious or regressive patterns,Source: AAP guidance
Separation anxiety,6 months-5 years,Clinginess at goodbyes; crying at daycare drop-off; sleep protest,Refusal to attend school with distress; physical complaints on school days; lasting beyond early years,Brief warm goodbyes and consistent routine; gradual exposure; professional help for school refusal,Source: AAP guidance
Delayed speech (suspected),1-3 years,Few words by 18 months; no two-word phrases by 2 years; poor response to name,Hearing concerns; loss of words; no gestures by 12 months; no babbling by 9 months,Hearing check first; early intervention referral; pediatrician for any red flag,Source: AAP guidance
Flat head (positional plagiocephaly),0-6 months,Flattened spot on back or side of head; full neck movement,Neck tilt with limited turning; facial asymmetry worsening; premature suture concern,Tummy time and position variation; pediatrician monitors; physiotherapy for neck tightness,Source: pediatric reference
Umbilical hernia,0-3 years,Soft bulge at belly button; bigger when crying; painless,Hard painful non-reducible bulge; vomiting with bulge; red or discolored skin over it,Most close alone by age 3-5; never tape coins on it; urgent care for hard painful bulge,Source: pediatric reference
Undescended testicle concern,0-12 months,One or both testicles not felt in scrotum at birth exams,Empty scrotum persisting; groin lump with pain; signs of torsion (sudden groin pain and swelling),Pediatrician tracks descent in early months; surgical referral per schedule; sudden groin pain is urgent,Source: pediatric reference
Vomiting (isolated episode),0-12 years,Single vomit after cough or overeating; well between episodes,Repeated vomiting; green vomit; blood; severe belly pain; head injury context; dehydration signs,Small sips and rest; watch for red flags; urgent care for green bloody or head-injury vomiting,Source: WHO IMCI chart booklet
Blood in stool (small streaks),0-12 years,Small red streaks on hard stool surface; otherwise well child,Large amounts; black tarry stools; belly pain with vomiting; poor growth; anal fissure with severe pain,Soften stools with fluids fiber and activity; pediatrician evaluates persistent cases; urgent for large bleeds,Source: pediatric reference
Swollen lymph nodes,0-12 years,Pea-sized tender neck nodes during colds; mobile and soft,Hard fixed nodes; larger than 2cm; lasting over 4 weeks; night sweats with weight loss,Most shrink after infection passes; pediatrician evaluates persistent or hard nodes,Source: pediatric reference
Warts (common),2-12 years,Rough skin bumps on hands or feet; mild tenderness on soles,Spreading rapidly; painful sole warts limiting walking; facial warts; immune suppression,Many resolve alone; pharmacy treatments per directions; care for facial or function-limiting cases,Source: AAD guidance
Molluscum contagiosum,1-12 years,Small dome bumps with dimpled centers; clusters in folds,Red painful infected bumps; spreading widely in eczema; eye-area bumps,Benign and self-limited over months; avoid scratching; care for infected or eye-area lesions,Source: AAD guidance
Tinea capitis (scalp ringworm),1-12 years,Scaly patches with hair loss; itching; swollen neck glands,Spreading despite treatment; painful boggy swelling; pus and fever,Needs oral prescription (creams alone fail on scalp); avoid sharing combs; complete the course,Source: CDC materials
Night terrors,2-6 years,Screaming confused episodes in early sleep; no memory after; returns to sleep,Daytime sleepiness affecting function; episodes with stiffening or jerking; injury during episodes,Do not wake fully; keep safe; consistent sleep; pediatrician if atypical features appear,Source: AAP guidance
Snoring (habitual),2-12 years,Nightly noisy breathing; mouth breathing; restless sleep,Observed pauses; gasping; daytime behavior issues; poor growth,Record a sleep video for the visit; pediatrician assesses airway and referrals; urgent for severe pauses,Source: AAP guidance
Epistaxis follow-up note,2-12 years,See nosebleed entry for first aid and red flags,See nosebleed entry,See nosebleed entry for first aid and red flags,Source: pediatric reference
Anemia concern (pale child),6 months-12 years,Paleness; tiredness; poor appetite; frequent infections,Rapid heartbeat; breathlessness; pica with developmental delay; blood in stool,Iron-rich diet per guidance; testing decides supplements; never start iron doses yourself,Source: WHO guidance
Vitamin D concern,0-12 years,Low sunlight exposure; exclusive breastfeeding without supplementation; bone aches,Rickets signs like bowed legs or beaded ribs; seizures with low calcium; fractures,Follow national supplementation schedule; diet plus safe sun; pediatrician tests and prescribes,Source: national guidance
Dental cavity concern,1-12 years,Tooth spots or holes; pain with sweets; bad breath,Permanent tooth knocked out; facial swelling with fever; trauma with bleeding,Dentist visit for spots and pain; knocked permanent tooth kept moist and seen urgently; brush twice daily,Source: dental guidance
Thumb sucking concern,1-5 years,Thumb sucking for comfort; normal in toddlers,Teeth shifting after age 4; skin infection of thumb; speech concerns,Praise reduction gently; dentist watches bite after age 4; pediatric dentist for persistent cases,Source: dental guidance
Growing concern thinness,2-12 years,Lean build with normal energy and growth curve; big appetite,Weight loss crossing curves; chronic diarrhea; fatigue with pallor; puberty delay,Track growth curve not single weigh-ins; diet review; pediatrician for curve-crossing loss,Source: WHO growth standards
Obesity concern,5-12 years,Weight above curves with rapid gain; breathlessness in play; joint aches,Snoring with pauses; dark neck patches with thirst; hip or knee pain with limp,Family activity and diet patterns; screen-time limits; pediatrician plans without shaming diets,Source: WHO guidance
Screen-time eye strain,3-12 years,Tired burning eyes after screens; headaches; rubbing eyes,Vision drop; crossed eyes; severe headache with vomiting; eye injury,20-20-20 breaks and distance limits; outdoor time; eye exam for vision changes,Source: AAP guidance
Hearing concern,0-12 years,Not startling as newborn; TV very loud; school struggles; speech delay,Discharge with fever; sudden hearing loss; after head injury; chronic ear fluid,Newborn screening then hearing tests per schedule; urgent care for sudden loss or injury,Source: pediatric reference
Allergy to insect venom history,0-12 years,Large local swelling after stings; anxiety about next sting,Any past breathing difficulty or throat swelling after sting,Allergist for testing and action plan; emergency injection if prescribed; medical ID for severe cases,Source: guideline summary
Recurrent abdominal pain,4-12 years,Come-and-go belly pain; normal growth and exams; stress link,Weight loss; waking pain at night; blood in stool; persistent vomiting; urinary burning,Symptom diary with foods and stress; pediatrician evaluates red flags; urgent for acute severe pain,Source: pediatric reference
Recurrent headaches,4-12 years,Tension-type episodes with stress or screens; normal neuro exams,Sudden worst headache; vomiting with headache; vision changes; head injury context; fever with stiff neck,Regular sleep meals and breaks; diary of triggers; urgent care for red-flag headaches,Source: pediatric reference
Dizziness on standing,5-12 years,Brief lightheadedness standing fast; resolves sitting; dehydration context,Fainting; chest pain with episodes; palpitations; injury from falls,Fluids and slow position changes; pediatrician for fainting or cardiac symptoms,Source: pediatric reference
Nursemaid's elbow concern,1-4 years,Arm held still after pull; crying then calm refusal to use arm,Swelling or bruising; fall from height; deformity; numbness,Do not yank arms; clinician reduces it in seconds; urgent for swelling or trauma signs,Source: pediatric emergency guidance
Foreign body in nose,1-5 years,One-sided foul smelly discharge; visible bead; nose picking,Button battery suspicion; bleeding that won't stop; breathing difficulty,Do not probe deeper; battery suspicion is emergency; clinician removes other objects,Source: pediatric emergency guidance
Foreign body in ear,1-8 years,Visible bead; mild pain; reduced hearing on one side,Button battery or insect with severe pain; bleeding; dizziness with vomiting,Do not probe; oil only for insects per guidance; battery is emergency; clinician removes,Source: pediatric emergency guidance
Swallowed coin concern,1-5 years,Witnessed swallow; drooling or refusing food; coughing,Button battery swallow; breathing difficulty; drooling with pain; vomiting blood,Battery is immediate emergency; coins need same-day evaluation with imaging; never induce vomiting,Source: pediatric emergency guidance
Pet bite (minor),0-12 years,Small clean break from known vaccinated pet; mild pain,Deep puncture; face or hand bites; unknown or stray animal; bleeding that won't stop; rabies risk,Clean with soap and water; verify vaccine status; urgent care and rabies protocol per exposure,Source: WHO rabies guidance
Tick bite,1-12 years,Attached tick found; small red spot after removal,Expanding bullseye rash; fever with rash; tick in scalp unremovable; multiple ticks,Remove with fine tweezers close to skin; save the tick; pediatrician for rash or fever after bites,Source: CDC materials
Fever with rash (nonspecific),0-12 years,Fever plus new rash; child alert and drinking,Purple spots that don't fade; breathing difficulty; lethargy; stiff neck,Glass test for non-fading rash with urgent care if positive; pediatrician for other new rashes,Source: pediatric emergency guidance
Kawasaki concern,6 months-5 years,Fever 5+ days with red eyes lips rash and swollen hands,Peeling skin with persistent fever; extreme irritability; enlarged neck node single large,Hospital evaluation for prolonged fever patterns; echocardiogram per protocol; never self-diagnose,Source: guideline summary
Croup follow-up note,6 months-5 years,See croup entry for signs and red flags,See croup entry,See croup entry for signs and red flags,Source: pediatric reference
Bronchiolitis follow-up note,0-2 years,See bronchiolitis entry for signs and red flags,See bronchiolitis entry for signs and red flags,Source: pediatric reference
Pneumonia follow-up note,0-12 years,See pneumonia entry for signs and red flags,See pneumonia entry for signs and red flags,Source: WHO IMCI chart booklet
Dehydration follow-up note,0-5 years,See dehydration entry for signs and plan,See dehydration entry,See dehydration entry for signs and plan,Source: WHO IMCI chart booklet
Vomiting follow-up note,0-12 years,See vomiting entry for signs and red flags,See vomiting entry,See vomiting entry for signs and red flags,Source: WHO IMCI chart booklet
