drug,drug_class,pediatric_note,common_side_effects,warning,source
Amoxicillin,Antibiotic (penicillin),Used for some bacterial infections in children only when a pediatrician prescribes it; never for viral colds,Nausea; diarrhea; rash,Allergy risk; dosing is weight-based so I never state a dose; confirm with pediatrician or pharmacist,Source: OpenFDA label (queried live at answer time)
Ibuprofen,NSAID fever and pain reliever,Sometimes used for fever or pain in children over 6 months per pediatric guidance; not for infants under 6 months,Stomach upset; nausea,Dehydrated children and kidney issues need medical advice first; never state a dose from memory,Source: OpenFDA label (queried live at answer time)
Paracetamol (acetaminophen),Fever and pain reliever,Commonly used for childhood fever or pain per package and pediatric guidance,Usually well tolerated; liver injury in overdose,Never exceed package directions; dosing is weight-based; confirm with pharmacist,Source: OpenFDA label (queried live at answer time)
Oral rehydration salts (ORS),Rehydration therapy,First-line fluid replacement for diarrhea-related fluid loss in children per WHO guidance,Salty taste; mild nausea,Does not stop diarrhea it replaces fluids; seek care if dehydration signs appear,Source: WHO IMCI chart booklet
Cetirizine,Antihistamine,Used for allergy symptoms in children per age labeling; check the label age limits,Drowsiness in some children; dry mouth,Confirm age limits on the package; persistent allergies need pediatric review,Source: OpenFDA label (queried live at answer time)
Albuterol inhaler,Short-acting bronchodilator,Reliever for wheeze in diagnosed asthma per a written action plan; technique matters,Tremor; fast heartbeat,Overuse signals poor control; action plan decides steps; urgent care for severe attacks,Source: OpenFDA label (queried live at answer time)
Hydrocortisone cream 1% (topical),Mild topical steroid,Short courses for mild eczema patches per pediatric guidance; thin skin areas need care,Skin thinning with prolonged use; local irritation,Not for infected or oozing skin; a pediatrician grades severity first,Source: OpenFDA label (queried live at answer time)
Vitamin D supplement,Nutritional supplement,Breastfed infants and low-sunlight children may need supplementation per national guidance,Usually well tolerated,Follow national schedule and package directions; confirm with pediatrician,Source: national guidance
Amoxicillin-clavulanate,Antibiotic combination,Reserved for specific bacterial infections per prescription; broader than amoxicillin alone,Diarrhea; nausea; rash; yeast irritation,Same allergy and weight-based dosing rules; finish the prescribed course; never share antibiotics,Source: OpenFDA label (queried live at answer time)
Azithromycin,Macrolide antibiotic,Used for selected bacterial infections per prescription; known for short courses,Nausea; belly pain; loose stools,Heart rhythm cautions exist; dosing is weight-based; confirm with pharmacist,Source: OpenFDA label (queried live at answer time)
Cefixime,Cephalosporin antibiotic,Used for selected bacterial infections per prescription when penicillins don't fit,Diarrhea; nausea; rash,Cross-allergy possible with penicillin allergy; confirm with pediatrician,Source: OpenFDA label (queried live at answer time)
Nystatin oral suspension,Antifungal,Used for oral thrush in infants per prescription; applied inside the mouth,Mild nausea; mouth irritation,Thrush in older children or recurrent cases needs evaluation; confirm with pediatrician,Source: OpenFDA label (queried live at answer time)
Mebendazole,Anthelmintic (deworming),Used for pinworm and roundworm per pharmacist guidance; household treatment often advised,Belly pain; nausea,Rare liver effects with repeated use; confirm dosing with pharmacist; hygiene prevents reinfection,Source: WHO guidance
Albendazole,Anthelmintic (deworming),Used for several worm infections per prescription or program guidance,Headache; nausea; belly pain,Pregnancy cautions apply to caregivers handling it; confirm with pharmacist,Source: WHO guidance
Ondansetron,Anti-nausea (antiemetic),Sometimes prescribed for vomiting with dehydration risk per pediatric guidance,Headache; constipation; fatigue,Does not treat the cause of vomiting; red-flag vomiting still needs urgent care,Source: OpenFDA label (queried live at answer time)
Domperidone,Prokinetic anti-nausea,Availability and pediatric use vary by country; prescription only,Heart rhythm cautions; dry mouth,Requires medical supervision; confirm with pediatrician; not for chronic use without review,Source: OpenFDA label (queried live at answer time)
Lactulose,Osmotic laxative,Used for constipation in children per pediatric guidance; gentle onset,Gas; bloating; cramps at start,Requires fluids with use; persistent constipation needs evaluation; confirm with pediatrician,Source: OpenFDA label (queried live at answer time)
Glycerin suppository,Rectal laxative,Occasional use for hard stool impaction per pediatric guidance; acts locally,Rectal irritation with frequent use,Not a routine solution; repeated need means evaluation; confirm with pediatrician,Source: OpenFDA label (queried live at answer time)
Saline nasal drops,Nasal decongestant (non-drug),Safe for all ages including newborns; loosens mucus before feeding or sleep,Mild sneezing after use,Use with bulb aspirator gently; avoid medicated adult sprays in children,Source: pediatric reference
Xylometazoline nasal spray (pediatric),Topical decongestant,Short courses only per age labeling; never in infants,Rebound congestion with overuse; nosebleeds,Maximum 3 days of use; confirm age limits; persistent blockage needs evaluation,Source: OpenFDA label (queried live at answer time)
Loratadine,Antihistamine,Non-drowsy option for allergy symptoms per age labeling; check limits,Headache; dry mouth in some,Confirm age limits on the package; persistent allergies need pediatric review,Source: OpenFDA label (queried live at answer time)
Levocetirizine,Antihistamine,Used for allergy and chronic hives per age labeling,Drowsiness in some children; dry mouth,Confirm age limits; chronic hives need pediatric evaluation,Source: OpenFDA label (queried live at answer time)
Montelukast,Leukotriene blocker (asthma controller),Controller for persistent asthma or allergies per prescription; daily use,Headache; mood and behavior changes reported in some children,Mood changes must be reported promptly; controller never replaces reliever inhaler,Source: OpenFDA label (queried live at answer time)
Fluticasone inhaler (controller),Inhaled corticosteroid,Daily controller for persistent asthma per action plan; technique and spacer matter,Throat irritation; oral thrush,Rinse mouth after use; never stop controllers without medical review,Source: OpenFDA label (queried live at answer time)
Prednisolone syrup,Oral corticosteroid,Short bursts for asthma flares or croup per prescription; powerful and brief,Mood changes; appetite surge; sleep disruption,Supervision required; taper per instructions; never repeat without review,Source: OpenFDA label (queried live at answer time)
Dexamethasone,Oral corticosteroid,Single-dose option for croup per prescription in clinical settings,Temporary appetite and mood effects,Clinical supervision required; confirm with pediatrician,Source: OpenFDA label (queried live at answer time)
Calamine lotion,Skin protectant,Soothes itching from rashes and chickenpox; external use only,Drying of skin with heavy use,Not for open or infected sores; widespread infected rash needs evaluation,Source: pediatric reference
Zinc oxide ointment,Barrier protectant,Diaper rash barrier and mild skin protection; thick application,Rare irritation,External use only; blistered or febrile rash needs evaluation,Source: AAD guidance
Petroleum jelly,Skin protectant,Moisturizer base and wound-edge protection per guidance; seals moisture,Rare irritation,Not for infected wounds alone; deep or dirty wounds need cleaning and review,Source: pediatric reference
Mupirocin ointment,Topical antibiotic,Prescription treatment for impetigo and infected sores; short courses,Local burning or itching,Spreading infection despite treatment needs review; complete the course,Source: OpenFDA label (queried live at answer time)
Fusidic acid cream,Topical antibiotic,Prescription option for localized skin infections per guidance,Local irritation,Same review rules as other topical antibiotics; avoid eyes,Source: OpenFDA label (queried live at answer time)
Clotrimazole cream,Topical antifungal,Ringworm and yeast rashes per pharmacist guidance; full course matters,Mild burning at start,Scalp or nail involvement needs oral prescription; persistent lesions need review,Source: OpenFDA label (queried live at answer time)
Ketoconazole shampoo,Antifungal shampoo,Cradle cap and dandruff per guidance; brief contact then rinse,Eye sting; dryness,Not for broken infected scalp skin without review; persistent cases need evaluation,Source: OpenFDA label (queried live at answer time)
Permethrin cream (5%),Scabicide,Prescription treatment for scabies; whole-household treatment per protocol,Itching may persist days after cure; mild burning,Itch after treatment is not failure alone; confirm cure schedule with pediatrician,Source: CDC materials
Benzyl benzoate lotion,Scabicide,Alternative scabies treatment where available per protocol,Skin irritation; burning,Follow application timing exactly; household treatment together; confirm with pharmacist,Source: CDC materials
Ivermectin (oral),Antiparasitic,Selected parasitic infections and resistant scabies per prescription; weight-based,Headache; nausea; dizziness,Strictly prescription and weight-based; never state a dose; confirm with pediatrician,Source: WHO guidance
Metronidazole,Antibiotic antiprotozoal,Selected gut infections like giardia per prescription; full course matters,Nausea; metallic taste; belly pain,Alcohol interaction in caregivers is irrelevant to children but finish courses; confirm with pediatrician,Source: OpenFDA label (queried live at answer time)
Oral zinc supplements,Micronutrient adjunct,WHO recommends zinc with ORS for childhood diarrhea episodes per schedule,Mild vomiting at start,Given with ORS not instead of it; schedule per national guidance; confirm with pharmacist,Source: WHO IMCI chart booklet
Iron supplements (pediatric),Micronutrient,Confirmed iron deficiency per testing; never started on paleness alone,Constipation; dark stools; nausea,Overdose danger in children; locked storage; dosing strictly weight-based by prescription,Source: WHO guidance
Multivitamin drops (pediatric),Nutritional supplement,Breastfed infants and picky eaters per pediatric guidance; not a meal replacement,Mild nausea if taken hungry,Excess fat-soluble vitamins harm; follow package ages; confirm with pediatrician,Source: pediatric reference
Vitamin A capsules (program doses),Micronutrient program,National campaigns give scheduled high doses per age; clinic-administered,Usually well tolerated at scheduled doses,Only per program schedule; never repeat at home; confirm with clinic records,Source: WHO guidance
ORS plus zinc note,Program standard,ORS plus zinc is the combined standard for childhood diarrhea per WHO,See ORS and zinc rows,See ORS and zinc rows,Source: WHO IMCI chart booklet
Salbutamol syrup note,Bronchodilator note,Inhalers preferred over syrups where available; syrup per prescription only,Tremor; fast heartbeat,Technique and action plan decide use; urgent care for severe attacks,Source: OpenFDA label (queried live at answer time)
Chlorpheniramine,Antihistamine (first generation),Older allergy option per age labeling; causes drowsiness,Marked drowsiness; dry mouth; paradoxical excitation in some children,Avoid before school or driving-age activities; prefer non-drowsy options; confirm age limits,Source: OpenFDA label (queried live at answer time)
Diphenhydramine,Antihistamine (first generation),Nighttime allergy or itch per age labeling; strongly drowsy,Heavy drowsiness; paradoxical excitation in children,Short-term use only; never for chronic daily allergies without review; confirm age limits,Source: OpenFDA label (queried live at answer time)
Guaifenesin expectorant,Cough expectorant,Adult-focused; limited pediatric role per guidance; fluids matter more,Nausea in large amounts,Honey (over 1 year) and fluids preferred for children; persistent cough needs evaluation,Source: pediatric reference
Honey (over 1 year),Soothing demulcent,Bedtime teaspoon for cough in children over 1 year per guidance; never under 1 year,None at food amounts,Strictly forbidden under 12 months (botulism risk); persistent cough needs evaluation,Source: FDA infant safety alert
Fluoride toothpaste (pea-sized),Dental preventive,Pea-sized smear from age 3 and rice-grain before; spit don't rinse,Mild fluorosis with chronic swallowing,Supervise brushing; store out of reach; dentist guides high-risk cases,Source: dental guidance
Sunscreen (SPF 30+),Sun protectant,Daily exposed-skin use from 6 months; shade for younger infants,Eye sting; rare allergy,Reapply per label; infants need shade and clothing first; blistering burns need care,Source: CDC materials
Insect repellent (DEET 10-30%),Bite preventive,Effective repellent per age labeling; avoid under 2 months, Skin irritation; eye sting,Apply to skin not under clothing; wash off indoors; confirm age limits,Source: CDC materials
 measles vaccine note,Immunization,Part of routine schedule per national program; clinic-administered,Mild fever or rash after dose,Schedule per national program; keep records; pediatrician for missed doses,Source: national immunization schedule
Pentavalent vaccine note,Immunization,Covers five diseases per national schedule; clinic-administered,Mild fever; sore leg,Schedule per national program; keep records; pediatrician for missed doses,Source: national immunization schedule
Polio vaccine note (OPV/IPV),Immunization,Schedule per national program; campaigns plus routine doses,Mild fever; sore spot,Schedule per national program; keep records; pediatrician for missed doses,Source: national immunization schedule
BCG vaccine note,Immunization,Single birth dose per national program where used; scar normal,Local sore and scar; swollen gland rarely,Normal scar expected; large reactions need review; keep records,Source: national immunization schedule
Rotavirus vaccine note,Immunization,Oral infant series per schedule; timing windows strict,Mild fussiness or loose stools,Strict age windows for doses; keep records; pediatrician for missed windows,Source: national immunization schedule
Pneumococcal vaccine note,Immunization,Infant series per schedule; protects against severe bacterial disease,Mild fever; sore leg,Schedule per national program; keep records; pediatrician for missed doses,Source: national immunization schedule
