Question,Answer
What defines physical growth in a child?,"Growth is an increase in physical size, such as height, weight, head circumference, and muscle mass."
How is child development defined?,"Development is the process of gaining skills and abilities in physical, cognitive, emotional, social, and language areas."
What is the primary difference between growth and development?,"Growth refers to changes in body size, while development refers to changes in function, skills, and behavior."
What does cephalocaudal development mean?,It is development that progresses from the head downward toward the feet.
What does proximodistal development refer to?,It is development that progresses from the center of the body outward to the extremities.
What are the core areas of child development?,"Physical, cognitive, language, psychosocial, fine motor, and gross motor development."
Why do nurses perform developmental assessments on children?,Nurses assess development to identify whether the child is meeting expected milestones and to detect possible developmental delays early.
Which screening tools are commonly used to assess a child's development?,"The Prescreening Developmental Questionnaire II (PDQ-II) and the Denver II Developmental Screening Test may be used to screen fine motor, gross motor, language, and personal-social skills."
When does human life and development officially begin?,"Human development begins at conception, when a sperm fertilizes an ovum."
What is a zygote?,A zygote is a fertilized ovum.
How many chromosomes are found in a normally formed zygote?,"A normally formed zygote has 46 chromosomes: 23 from the mother and 23 from the father."
What are the three main stages of prenatal development?,The pre-embryonic stage, embryonic stage, and fetal stage.
What occurs during the pre-embryonic stage?,It is the first 2 weeks after conception, when the zygote divides and implants in the uterus.
What is a blastocyst?,A blastocyst is a group of cells that develops after the zygote divides and later becomes the embryo.
What characterizes the embryonic stage?,It is the period from about 2 weeks to 8 weeks after conception, when major organs and body structures begin to form.
When does the fetal stage begin and end?,It begins at week 9 after conception and continues until birth.
What are the three embryonic cell layers?,The ectoderm, mesoderm, and endoderm.
What tissues and structures develop from the ectoderm?,The ectoderm develops into the skin, hair, nails, mucous membranes, and parts of the nervous system.
What structures originate from the mesoderm?,The mesoderm develops into bones, muscles, cartilage, the heart, blood vessels, and kidneys.
What does the endoderm form?,The endoderm develops into the lining of the respiratory, gastrointestinal, and genitourinary systems.
What is a teratogen?,A teratogen is a substance or condition that can cause abnormal fetal development, such as alcohol, drugs, some medications, chemicals, or maternal infections.
During which stage is the fetus most vulnerable to teratogens?,The fetus is most vulnerable during the embryonic stage because major organs are actively developing.
Why is pulmonary surfactant crucial for a newborn?,Surfactant helps keep the alveoli open and supports breathing after birth.
What defines a full-term pregnancy?,Forty weeks of gestation is considered full term.
What timeframe defines the neonatal period?,The neonatal period is from birth through the first 28 days of life.
Why are newborns at a higher risk for infections?,Newborns have immature immune systems.
What is the rooting reflex?,The rooting reflex causes a newborn to turn toward stimulation near the cheek or mouth to find food.
What is the sucking reflex?,The sucking reflex causes a newborn to suck when the mouth is stimulated.
What is the normal percentage of weight loss a healthy newborn may experience after birth?,A healthy newborn may lose about 7% to 10% of birth weight during the first few days after birth.
When should a newborn typically regain their birth weight?,A newborn should usually regain birth weight by about 2 weeks of age.
What is the purpose of the Apgar score?,The Apgar score is a quick assessment of the newborn’s overall condition after birth.
At what intervals is the Apgar score evaluated?,It is measured at 1 minute and 5 minutes after birth.
What parameters does the acronym APGAR represent?,Appearance, Pulse, Grimace, Activity, and Respiration.
What 5-minute Apgar score is considered reassuring?,A score of 7 to 10 is reassuring.
What is the primary psychosocial task during the newborn period?,The newborn’s main task is developing trust through consistent caregiving.
How can caregivers effectively foster trust in a newborn?,By consistently meeting needs for feeding, warmth, comfort, diapering, safety, and affection.
How many hours do newborns typically sleep per day?,Newborns usually sleep approximately 12 to 16 hours per day.
How frequently do newborns require feeding?,They usually need feeding every 2 to 3 hours; breastfed newborns may feed more frequently.
What is the age range for infancy?,Infancy spans from 1 month to 1 year of age.
When does an infant typically double their birth weight?,An infant usually doubles birth weight by about 6 months of age.
When does an infant typically triple their birth weight?,An infant usually triples birth weight by 1 year of age.
What is object permanence?,Object permanence is understanding that an object still exists even when it cannot be seen.
At what age does object permanence typically emerge?,It develops during infancy, usually around 9 months of age.
What is separation anxiety in infants?,Separation anxiety is distress or fear experienced when an infant is separated from the primary caregiver.
When does separation anxiety commonly manifest?,It often begins around 6 months of age and may continue until about age 3.
What developmental milestones are expected at 2 months of age?,The infant may track objects with the eyes, make sounds, smile socially, and lift the head while lying on the stomach.
What milestones are expected at 4 months of age?,The infant may reach for toys, roll over, babble, and recognize familiar faces.
What skills are typically observed at 6 months of age?,The infant may sit with support, respond to their name, make vowel sounds, and look in a mirror.
What milestones are typical at 9 months of age?,The infant may sit without support, crawl, stand, transfer objects between hands, and show object permanence.
What expected skills emerge by 12 months of age?,The infant may take independent steps, follow simple commands, say simple words, and place objects into a container.
What is the age range for toddlers?,Toddlers are children from 1 to 3 years old.
What is Erikson’s psychosocial stage for toddlers?,Autonomy versus shame and doubt.
What is the primary developmental goal for a toddler?,Developing independence and autonomy.
How can a nurse encourage autonomy in a toddler?,The nurse can offer limited choices, allow safe independence, and involve the toddler in simple care activities.
How much weight does a toddler typically gain each year?,A toddler usually gains about 4 to 6 pounds per year.
What is the average yearly height increase for a toddler?,A toddler usually grows about 2 to 3 inches per year.
What gross motor skills emerge during toddlerhood?,Toddlers learn to walk independently, run, climb stairs, throw a ball, kick a ball, and stand on tiptoes.
What fine motor achievements develop during toddlerhood?,Toddlers may point with one finger, stack blocks, scribble, remove shoes or socks, and feed themselves with a spoon.
What language proficiency is expected by the end of a toddler's second year?,Toddlers may use two- to three-word sentences and have a vocabulary of about 200 words.
What style of play is characteristic of toddlers?,Parallel play.
How is parallel play defined?,Parallel play means children play beside each other with similar toys but do not truly play together.
Why is parallel play beneficial for toddlers?,It helps toddlers begin developing social awareness and prepares them for later interactive play.
What age group defines preschool children?,Preschool children are 3 to 5 years old.
What is Erikson’s developmental stage for preschoolers?,Initiative versus guilt.
How can adults encourage initiative in preschool children?,Adults can encourage questions, allow choices, support imagination, and praise appropriate efforts.
What cognitive stage defined by Piaget applies to preschoolers?,Preoperational thinking.
What characteristics define preoperational thinking?,Preschool children use imagination, enjoy make-believe, may have magical thinking, and do not yet think logically like older children.
What form of play is essential for preschoolers?,Dramatic or imaginative play.
What is associative play?,Associative play is when children participate in similar activities and interact, but there are no organized rules or formal leadership.
What is the average annual weight gain for a preschooler?,A preschool child usually gains about 5 pounds per year.
What is the typical annual height increase for a preschooler?,A preschool child usually grows about 3 inches per year.
What fine motor or practical skills may preschoolers master before entering school?,They may draw shapes, use scissors, write their name, follow rules, and participate in group activities.
How should parents manage separation anxiety when dropping off a preschooler?,The parent should remain calm, give a short goodbye, state when they will return using a familiar event, and avoid prolonging the departure.
What is the age range for school-age children?,School-age children are generally 6 to 12 years old.
What is Erikson’s psychosocial stage for school-age children?,Industry versus inferiority.
What does the concept of industry signify for school-age children?,Industry means developing confidence and competence by succeeding in schoolwork, hobbies, sports, and other skills.
How can a nurse foster a school-age child's sense of industry?,The nurse can give simple tasks, explain procedures, allow participation in care, and praise achievements.
What is Piaget’s cognitive stage for school-age children?,Concrete operational thinking.
What characterizes concrete operational thinking?,The child can think logically about real objects, events, and situations.
What is the cognitive principle of conservation?,Conservation is understanding that an amount stays the same even when its shape or appearance changes.
What type of play dominates during school age?,Cooperative play.
What is cooperative play?,Cooperative play is organized play with shared rules, goals, teamwork, and sometimes leaders.
What are the average yearly physical growth rates for school-age children?,Children grow about 2.5 inches and gain about 5 to 7 pounds each year.
What dental milestones occur during school age?,Children begin losing deciduous teeth around age 6 and usually have most adult teeth by ages 12 to 13.
What key social milestones characterize the school-age period?,Friendships, peer groups, hobbies, sports, school achievement, and increasing independence are important.
What age span defines adolescence?,Adolescence is generally from 13 to 18 years of age.
What is Erikson’s developmental stage for adolescents?,Identity versus role confusion.
What is the primary developmental objective during adolescence?,Developing a personal identity, independence, values, relationships, and future goals.
What cognitive stage described by Piaget is reached in adolescence?,Formal operational thinking.
What capabilities are associated with formal operational thinking?,It is the ability to think abstractly, solve hypothetical problems, reason logically, and plan for the future.
What is puberty?,Puberty is the process of physical and sexual maturation.
When does puberty typically begin in females?,It usually begins between 8 and 13 years of age.
When does puberty typically begin in males?,It usually begins between 9 and 14 years of age.
What is the typical duration of puberty?,Puberty usually lasts about 5 years.
Why do peer relationships hold significant influence during adolescence?,Peers influence identity, self-esteem, behavior, values, clothing, interests, and decision-making.
What approach should nurses take when communicating with adolescents?,Nurses should respect privacy, use direct and nonjudgmental communication, encourage questions, and involve adolescents in appropriate healthcare decisions.
What is atraumatic care in pediatric nursing?,Atraumatic care is care that reduces physical and emotional distress for children and families.
How can nurses minimize fear in pediatric patients?,Use simple age-appropriate words, explain procedures honestly, allow the caregiver to remain nearby, use play, and provide comfort.
What role does play serve in pediatric healthcare settings?,Play helps children communicate feelings, cope with stress, understand healthcare experiences, and feel more comfortable.
What is anticipatory guidance?,Anticipatory guidance is teaching caregivers about expected developmental changes, health needs, safety, and upcoming milestones before they occur.
Why are routine well-child visits essential?,Well-child visits monitor growth and development, provide health teaching, identify problems early, and provide recommended immunizations.
What is the distinction between vaccination and immunization?,Vaccination is giving a vaccine; immunization is the protection developed against a disease.
What is the preferred intramuscular injection site for infants?,The vastus lateralis muscle in the anterolateral thigh.
Which post-vaccination symptoms necessitate immediate medical evaluation?,Difficulty breathing, severe swelling, generalized rash, high fever, or signs of a serious allergic reaction require urgent attention.
Do questions pertaining to pediatric clients appear in section 40?,No. Number 40 focuses on young and middle-aged adults.
Do questions pertaining to pediatric clients appear in section 41?,No. Number 41 focuses on older adults and gerontological nursing.