"التصنيف","السؤال","الإجابة","المصدر"
"Newborn Care","What is a newborn?","A newborn, or neonate, is a baby in the first 28 days of life.","WHO"
"Newborn Care","Why is the newborn period important?","The first 28 days are the most vulnerable period for child survival. In 2022, 2.3 million newborns died globally, and neonatal deaths accounted for 47% of deaths in children under 5 years old.","WHO"
"Newborn Care","When do most newborn deaths occur?","Most neonatal deaths occur during the first week of life, and about 1 million newborns die in the first 24 hours after birth.","WHO"
"Newborn Care","What are the main causes of newborn death?","The main causes are preterm birth, birth complications such as asphyxia or trauma, neonatal infections, and congenital anomalies.","WHO"
"Newborn Care","What is essential newborn care?","Essential newborn care includes immediate drying, keeping the baby warm, skin-to-skin contact, early breastfeeding, cord care, infection prevention, vitamin K, eye prophylaxis, immunizations, and assessment for illness.","WHO"
"Immediate Care After Birth","What should be done immediately after birth?","The newborn should be dried thoroughly and kept warm.","WHO"
"Immediate Care After Birth","Why is immediate drying important?","Drying prevents heat loss and helps reduce the risk of hypothermia.","WHO"
"Immediate Care After Birth","What is skin-to-skin contact?","Skin-to-skin contact means placing the naked newborn, usually wearing only a diaper, directly on the mother’s bare chest.","WHO"
"Immediate Care After Birth","Why is skin-to-skin contact important?","It helps maintain the newborn’s temperature, supports bonding, encourages breastfeeding, and helps stabilize the baby after birth.","WHO"
"Immediate Care After Birth","When should skin-to-skin contact begin?","It should begin immediately after birth whenever the mother and baby are stable.","WHO"
"Immediate Care After Birth","What is hypothermia in a newborn?","Hypothermia is an abnormally low body temperature.","WHO"
"Immediate Care After Birth","Why are newborns at risk for hypothermia?","Newborns lose heat easily because they have a large body surface area, little body fat, and immature temperature regulation.","WHO"
"Immediate Care After Birth","How can hypothermia be prevented?","Keep the baby dry, provide skin-to-skin contact, use warm blankets and clothing, cover the head when appropriate, and avoid cold environments.","WHO"
"Immediate Care After Birth","What should happen if a newborn is not breathing at birth?","The newborn needs immediate assessment and resuscitation by trained healthcare professionals.","WHO"
"Breastfeeding and Feeding","When should breastfeeding begin?","Breastfeeding should begin within the first hour after birth whenever possible.","WHO"
"Breastfeeding and Feeding","Why is early breastfeeding important?","It provides nutrition, supports bonding, helps protect against infection, and supports successful breastfeeding.","WHO"
"Breastfeeding and Feeding","What does exclusive breastfeeding mean?","Exclusive breastfeeding means the newborn receives only breast milk, with no water, formula, food, or other liquids unless medically indicated.","WHO"
"Breastfeeding and Feeding","Why should breastfeeding be assessed after birth?","Healthcare providers should assess latching and milk intake to identify feeding difficulties early.","WHO"
"Breastfeeding and Feeding","What feeding problem is a danger sign in a newborn?","Poor feeding or difficulty feeding is a danger sign that requires prompt medical assessment.","WHO"
"Umbilical Cord and Infection Prevention","How should the umbilical cord be cared for?","The cord should be kept clean and dry. Antiseptics may be used when indicated by local guidance or the healthcare provider.","WHO"
"Umbilical Cord and Infection Prevention","Why is cord care important?","Proper cord care helps prevent infection.","WHO"
"Umbilical Cord and Infection Prevention","What is neonatal sepsis?","Neonatal sepsis is a serious infection in a newborn that requires urgent medical evaluation and treatment.","WHO"
"Umbilical Cord and Infection Prevention","Why are newborns vulnerable to infections?","Their immune systems are still developing, so infections can become serious quickly.","WHO"
"Umbilical Cord and Infection Prevention","How can infection risk be reduced in newborns?","Use hand hygiene, clean cord and skin care, early identification of illness, timely vaccination, and prompt medical care when danger signs occur.","WHO"
"Routine Preventive Care","Why is vitamin K given to newborns?","Vitamin K helps prevent bleeding problems in newborns.","WHO"
"Routine Preventive Care","What is eye prophylaxis?","Eye prophylaxis is preventive treatment given to reduce the risk of serious newborn eye infection.","WHO"
"Routine Preventive Care","Why do newborns receive vaccinations?","Vaccinations help protect newborns from serious infectious diseases, following the national immunization schedule.","WHO"
"Routine Preventive Care","Which vaccines may be part of early newborn preventive care?","Depending on the national schedule, early preventive care may include BCG and hepatitis B vaccination.","WHO"
"Routine Preventive Care","Why is it important to follow the national immunization schedule?","It ensures the baby receives vaccines at the recommended time for the best protection.","WHO"
"Postnatal Follow-Up","When should the first newborn assessment occur?","The first assessment should occur within 24 hours after birth.","WHO"
"Postnatal Follow-Up","What is assessed during the first newborn visit?","Vital signs, temperature, heart rate, respiration, general activity, color, breathing, feeding, congenital abnormalities, birth injuries, signs of infection, cord condition, and vaccination needs are assessed.","WHO"
"Postnatal Follow-Up","When should the second newborn follow-up visit occur?","It should occur around day 3, or 48 to 72 hours after birth.","WHO"
"Postnatal Follow-Up","What is assessed around day 3?","The healthcare provider assesses breastfeeding, jaundice, the umbilical cord, body weight, and the newborn’s general condition.","WHO"
"Postnatal Follow-Up","When should the third newborn follow-up visit occur?","It should occur between day 7 and day 14 after birth.","WHO"
"Postnatal Follow-Up","What is assessed between day 7 and day 14?","Feeding, growth, weight, general condition, jaundice, infection signs, and feeding difficulties are assessed.","WHO"
"Postnatal Follow-Up","What is assessed at the 6-week follow-up?","The newborn receives a full physical assessment, growth measurements, developmental assessment, vaccination as scheduled, and continued feeding and health support.","WHO"
"Danger Signs","What are danger signs in a newborn?","Danger signs include feeding problems, reduced activity, difficult breathing, fever, feeling cold, fits or convulsions, and signs of infection.","WHO"
"Danger Signs","What should families do if a newborn has difficulty breathing?","They should seek urgent medical care immediately.","WHO"
"Danger Signs","What should families do if a newborn has fever or feels cold?","They should seek prompt medical assessment because temperature changes may signal serious illness.","WHO"
"Danger Signs","What should families do if a newborn has seizures or convulsions?","They should seek emergency medical care immediately.","WHO"
"Danger Signs","Why is reduced activity a warning sign?","A newborn who is unusually sleepy, weak, difficult to wake, or less active than normal may be seriously ill and needs urgent evaluation.","WHO"
"Small and Sick Newborns","What is a low-birth-weight newborn?","It is a newborn with a birth weight lower than expected and who may need additional monitoring and care.","WHO"
"Small and Sick Newborns","Why do preterm and low-birth-weight newborns need extra care?","They have higher risks of hypothermia, feeding difficulties, infection, low blood glucose, breathing problems, and poor growth.","WHO"
"Small and Sick Newborns","What is kangaroo mother care?","Kangaroo mother care is prolonged skin-to-skin contact with support for breastfeeding, especially for stable preterm or low-birth-weight infants.","WHO"
"Small and Sick Newborns","What are important nursing actions for small or preterm newborns?","Keep the baby warm, support early and exclusive breastfeeding, maintain hygiene, monitor for danger signs, check blood glucose when indicated, and monitor growth.","WHO"
"Small and Sick Newborns","What care may a newborn with respiratory distress need?","Depending on severity, care may include oxygen, CPAP, mechanical ventilation, surfactant therapy, and referral to a higher-level neonatal unit.","WHO"
"Small and Sick Newborns","What treatment may be used for neonatal jaundice?","Phototherapy may be used, and severe cases may require exchange transfusion in a specialized setting.","WHO"
"Family Education","What should parents learn before leaving the health facility?","Parents should learn about feeding, keeping the baby warm, cord care, hand hygiene, danger signs, vaccinations, follow-up appointments, and when to seek urgent medical help.","WHO"
"Family Education","Why should newborns remain in a health facility for at least 24 hours after birth when possible?","The first 24 hours are critical because complications can develop during this period, and early assessment can identify problems quickly.","WHO"
"Family Education","Why is family involvement important in newborn care?","Families provide daily feeding, warmth, hygiene, observation, and early recognition of illness, which are essential for newborn survival and well-being.","WHO"
"Breastfeeding and Infant Feeding","What is the best food for an infant?","Breast milk is the ideal food for infants because it is safe, clean, and provides energy, nutrients, and antibodies.","WHO"
"Breastfeeding and Infant Feeding","What are antibodies in breast milk?","Antibodies are protective proteins that help the infant fight infections and common childhood illnesses.","WHO"
"Breastfeeding and Infant Feeding","When should breastfeeding begin?","Breastfeeding should begin within the first hour after birth.","WHO"
"Breastfeeding and Infant Feeding","What is exclusive breastfeeding?","Exclusive breastfeeding means giving the infant only breast milk for the first 6 months of life.","WHO"
"Breastfeeding and Infant Feeding","Does exclusive breastfeeding include water?","No. During exclusive breastfeeding, the infant should not receive water, formula, food, or other liquids unless medically necessary.","WHO"
"Breastfeeding and Infant Feeding","How long should an infant be exclusively breastfed?","The infant should be exclusively breastfed for the first 6 months of life.","WHO"
"Breastfeeding and Infant Feeding","How long should breastfeeding continue?","Breastfeeding should continue until 2 years of age or beyond while safe and nutritionally adequate complementary foods are introduced from 6 months.","WHO"
"Benefits for the Baby","How does breastfeeding protect infants?","Breastfeeding helps protect infants against diarrhoea, pneumonia, and other infectious diseases.","WHO"
"Benefits for the Baby","Why is breastfeeding important for child survival?","Babies who are partially breastfed or not breastfed have a higher risk of death from diarrhoea, pneumonia, and other infections.","WHO"
"Benefits for the Baby","What nutrition does breast milk provide during the first 6 months?","Breast milk provides all the energy and nutrients an infant needs during the first 6 months.","WHO"
"Benefits for the Baby","Does breast milk remain important after 6 months?","Yes. From 6 to 12 months, breast milk can provide half or more of a child’s energy needs.","WHO"
"Benefits for the Baby","How much energy can breast milk provide between 12 and 24 months?","It can provide about one third of a child’s energy needs.","WHO"
"Benefits for the Baby","Why is breast milk especially important when a child is ill?","It provides fluids, energy, nutrients, and protection against infection during illness.","WHO"
"Benefits for the Baby","What are long-term benefits of breastfeeding for children?","Breastfed children are less likely to become overweight or obese, may perform better on intelligence tests, and may have better school attendance.","WHO"
"Benefits for the Baby","Can breastfeeding reduce the risk of chronic disease later in life?","Yes. Breastfeeding is associated with a lower risk of overweight, obesity, and diabetes later in life.","WHO"
"Feeding on Demand","What does breastfeeding on demand mean?","It means feeding the baby as often as the baby wants, during both the day and night.","WHO"
"Feeding on Demand","What is responsive feeding?","Responsive feeding means recognizing and responding appropriately to the child’s signs of hunger and fullness.","WHO"
"Feeding on Demand","What are common hunger cues in an infant?","Hunger cues may include rooting, putting hands to the mouth, lip-smacking, opening the mouth, becoming more alert, or crying late in hunger.","WHO"
"Feeding on Demand","Should crying be the first sign used to feed a baby?","No. Crying is often a late sign of hunger; feeding is easier when early hunger cues are recognized.","WHO"
"Feeding on Demand","Does WHO recommend bottles, teats, or pacifiers for breastfed infants?","WHO recommends avoiding bottles, teats, and pacifiers for infants who are breastfed.","WHO"
"Complementary Feeding","What is complementary feeding?","Complementary feeding is giving safe, adequate foods in addition to breast milk.","WHO"
"Complementary Feeding","When should complementary foods begin?","Complementary foods should begin at about 6 months of age.","WHO"
"Complementary Feeding","Why are complementary foods needed at 6 months?","Around 6 months, breast milk alone no longer provides all the energy and nutrients needed for optimal growth.","WHO"
"Complementary Feeding","Should breastfeeding stop when complementary foods begin?","No. Breastfeeding should continue while complementary foods are introduced.","WHO"
"Complementary Feeding","How should complementary feeding start?","Start with small amounts of food at 6 months and gradually increase the amount as the child grows.","WHO"
"Complementary Feeding","How should food texture change as the child grows?","Food consistency and variety should gradually increase as the child becomes older and develops feeding skills.","WHO"
"Complementary Feeding","How many meals should an infant aged 6 to 8 months receive?","The infant should receive 2 to 3 meals per day in addition to breastfeeding.","WHO"
"Complementary Feeding","How many meals should a child aged 9 to 23 months receive?","The child should receive 3 to 4 meals per day, plus 1 to 2 nutritious snacks if needed.","WHO"
"Complementary Feeding","Why is hygiene important during complementary feeding?","Good hand hygiene, safe food preparation, and proper food storage help prevent foodborne illness and diarrhoea.","WHO"
"Complementary Feeding","What should happen to feeding during illness?","Give more fluids, continue or increase breastfeeding frequency, and offer soft, familiar foods.","WHO"
"Breastfeeding Support","Why do mothers need breastfeeding support?","Support helps mothers begin breastfeeding early, breastfeed exclusively, solve feeding problems, and continue breastfeeding.","WHO"
"Breastfeeding Support","What is rooming-in?","Rooming-in means keeping the mother and infant together 24 hours a day in the health facility.","WHO"
"Breastfeeding Support","Why is rooming-in helpful?","It helps the mother recognize feeding cues and breastfeed responsively and frequently.","WHO"
"Breastfeeding Support","What are the Ten Steps to Successful Breastfeeding?","They are evidence-based maternity-care practices that protect, promote, and support breastfeeding.","WHO"
"Breastfeeding Support","What is a Baby-Friendly Hospital?","It is a health facility that follows recommended practices to support breastfeeding, including skin-to-skin contact, early breastfeeding, rooming-in, and breastfeeding counselling.","WHO"
"Breastfeeding Support","Who should receive breastfeeding counselling?","Mothers, families, and caregivers should receive counselling during pregnancy, after birth, well-child visits, sick-child visits, and immunization visits.","WHO"
"Breastfeeding Support","What is the role of nurses in breastfeeding support?","Nurses can encourage skin-to-skin contact, assess positioning and latch, teach responsive feeding, identify problems early, and provide nonjudgmental education.","WHO"
"Mothers and Breastfeeding","Does breastfeeding benefit the mother?","Yes. Longer breastfeeding duration is associated with lower risks of breast cancer, ovarian cancer, and death from all causes.","WHO"
"Mothers and Breastfeeding","Can breastfeeding affect fertility?","Exclusive breastfeeding during the first 6 months can delay the return of fertility because of hormonal changes, but it should not be relied on as the only contraceptive method unless a healthcare professional confirms that the criteria are met.","WHO"
"Mothers and Breastfeeding","Can mothers living with HIV breastfeed?","In settings where national health authorities recommend breastfeeding, mothers living with HIV who receive and adhere to antiretroviral therapy can breastfeed with professional support.","WHO"
"Mothers and Breastfeeding","How long should mothers living with HIV breastfeed according to WHO guidance?","They should breastfeed for at least 12 months and may continue up to 24 months or longer while receiving and adhering to antiretroviral therapy.","WHO"
"Special Situations","Can premature infants receive breast milk?","Yes. Breastfeeding or human milk remains the preferred feeding method for premature and low-birth-weight infants whenever possible.","WHO"
"Special Situations","Can low-birth-weight infants benefit from breast milk?","Yes. They need special feeding support, but breast milk remains an important source of nutrition and protection.","WHO"
"Special Situations","What may be used if the mother’s own milk is unavailable for a preterm or low-birth-weight infant?","WHO recommends donor human milk when available and appropriate.","WHO"
"Special Situations","Is breastfeeding recommended during emergencies?","Yes. Breastfeeding remains the preferred feeding method in most emergency situations because breast milk is safe, available, and protects against infection.","WHO"
"Special Situations","Can adolescent mothers breastfeed?","Yes. Adolescent mothers can breastfeed and should receive practical, emotional, and health-professional support.","WHO"
"Key Review Questions (Breastfeeding)","What are the three main WHO recommendations for infant feeding?","Begin breastfeeding within 1 hour of birth, exclusively breastfeed for the first 6 months, and continue breastfeeding to 2 years or beyond with complementary foods from 6 months.","WHO"
"Key Review Questions (Breastfeeding)","What is the most important rule about water before 6 months for exclusively breastfed babies?","Do not give water unless there is a medical reason and a healthcare professional advises it.","WHO"
"Key Review Questions (Breastfeeding)","What should happen if an infant has feeding difficulties?","The mother and infant should be assessed by a qualified healthcare professional or lactation-support provider.","WHO"
"Key Review Questions (Breastfeeding)","Why is the first 2 years of life important for nutrition?","Good nutrition during the first 2 years supports healthy growth and development, reduces illness and death, and may later lower risk of chronic disease.","WHO"
"Child Growth and Development","What is child growth?","Child growth is the increase in body size, including weight, length or height, head circumference, and body mass index.","WHO"
"Child Growth and Development","What is child development?","Child development is the progress of a child’s physical, cognitive, language, emotional, social, and motor skills.","WHO"
"Child Growth and Development","Why are the early years important for child development?","Early experiences strongly affect health, growth, learning, behavior, relationships, and well-being throughout life.","WHO"
"Child Growth and Development","What is early childhood?","Early childhood generally refers to the period from birth to 5 years of age.","WHO"
"Child Growth and Development","Why should a child’s growth be monitored?","Growth monitoring helps identify possible undernutrition, overweight, illness, feeding problems, or developmental concerns early.","WHO"
"Child Growth and Development","What are WHO Child Growth Standards?","They are international standards used to assess normal physical growth in children from birth to 5 years of age.","WHO"
"Child Growth and Development","Can WHO Child Growth Standards be used for all children?","Yes. WHO states that the standards can be applied to children everywhere, regardless of ethnicity, socioeconomic status, or feeding type.","WHO"
"Growth Measurements","What measurements are used to assess child growth?","Weight-for-age, length or height-for-age, weight-for-length or weight-for-height, body mass index-for-age, and head circumference are commonly used.","WHO"
"Growth Measurements","What does weight-for-age show?","Weight-for-age helps assess whether a child’s body weight is appropriate for their age.","WHO"
"Growth Measurements","What does length-for-age or height-for-age show?","It helps identify whether a child’s linear growth is appropriate for age.","WHO"
"Growth Measurements","What does weight-for-length or weight-for-height show?","It helps identify whether a child has low weight, overweight, or wasting relative to length or height.","WHO"
"Growth Measurements","What does BMI-for-age assess?","BMI-for-age helps assess whether a child has an appropriate body weight in relation to height and age.","WHO"
"Growth Measurements","Why is head circumference measured?","Head circumference helps monitor brain and skull growth, especially in infants and young children.","WHO"
"Growth Measurements","Up to what age are WHO Child Growth Standards available?","WHO growth charts are available for boys and girls from birth to 5 years, or 60 completed months.","WHO"
"Growth Measurements","Why are boys and girls assessed using separate growth charts?","Boys and girls have different normal patterns of physical growth.","WHO"
"Growth Measurements","Does one single measurement diagnose a growth problem?","No. Growth should be assessed over time by looking at the child’s growth pattern and overall health.","WHO"
"Growth Measurements","What does poor growth require?","Poor growth requires assessment of feeding, nutrition, health status, illness, family factors, and possible referral for further evaluation.","WHO"
"Motor Development","What is gross motor development?","Gross motor development is the development of large-muscle skills, such as sitting, crawling, standing, and walking.","WHO"
"Motor Development","What is fine motor development?","Fine motor development is the development of small-muscle skills, such as grasping, picking up objects, drawing, and using utensils.","WHO"
"Motor Development","What motor milestones are included in WHO developmental windows?","Sitting without support, standing with assistance, hands-and-knees crawling, walking with assistance, standing alone, and walking alone.","WHO"
"Motor Development","Why should healthcare workers assess motor milestones?","Motor milestones help identify whether a child’s physical development is progressing as expected.","WHO"
"Motor Development","Does every child reach milestones on the exact same day or month?","No. Children develop at different rates, so milestones occur within a normal range or developmental window.","WHO"
"Motor Development","What should happen if a child does not reach expected milestones?","The child should receive further developmental assessment and, if needed, early intervention or referral.","WHO"
"Nurturing Care","What is nurturing care?","Nurturing care is the care children need to grow and develop well: good health, adequate nutrition, safety and security, responsive caregiving, and opportunities for early learning.","WHO"
"Nurturing Care","What are the five components of nurturing care?","Good health, adequate nutrition, safety and security, responsive caregiving, and opportunities for early learning.","WHO"
"Nurturing Care","What is responsive caregiving?","Responsive caregiving means noticing, understanding, and responding to a child’s signals and needs promptly and appropriately.","WHO"
"Nurturing Care","Why is responsive caregiving important?","It supports a child’s health, nutrition, safety, learning, emotional development, and secure attachment.","WHO"
"Nurturing Care","What are examples of responsive caregiving?","Talking, singing, cuddling, feeding responsively, comforting the child, playing together, and reading or telling stories.","WHO"
"Nurturing Care","What does responsive feeding mean?","Responsive feeding means recognizing and responding appropriately to a child’s hunger and fullness cues.","WHO"
"Nurturing Care","Why should caregivers talk and sing to young children?","Talking and singing promote language development, learning, bonding, and emotional security.","WHO"
"Nurturing Care","Why is play important for child development?","Play supports learning, communication, problem-solving, social skills, creativity, and emotional development.","WHO"
"Nurturing Care","What is early learning?","Early learning includes everyday opportunities for a child to explore, play, communicate, observe, and interact with caring adults.","WHO"
"Nurturing Care","When should early learning begin?","Early learning begins from birth.","WHO"
"Emotional and Social Development","What is attachment?","The emotional bond that develops between a child and a consistent caregiver.","WHO"
"Emotional and Social Development","Why is secure attachment important?","Secure attachment supports emotional regulation, social relationships, confidence, and healthy development.","WHO"
"Emotional and Social Development","How can caregivers support secure attachment?","Caregivers can respond lovingly and consistently to the child’s needs for feeding, comfort, safety, play, and communication.","WHO"
"Emotional and Social Development","What can affect a child’s social and emotional development?","Nutrition, health, caregiver interaction, family support, safety, exposure to violence, stress, and learning opportunities can all affect development.","WHO"
"Emotional and Social Development","Why is caregiver mental health important?","Caregiver mental health can affect the ability to provide responsive care, emotional support, feeding, and stimulation for the child. WHO recommends integrating psychosocial support for maternal mental health into early childhood health and development services.","WHO"
"Child Safety and Health","Why are safety and security important for development?","Children need a safe and secure environment to grow, learn, explore, and develop emotionally.","WHO"
"Child Safety and Health","How can caregivers protect children from injury?","They can supervise children, create safe home environments, prevent falls and burns, store medicines and harmful substances safely, and use age-appropriate safety equipment.","WHO"
"Child Safety and Health","How can caregivers support a child who is sick?","They should provide fluids, appropriate feeding, comfort, hygiene, observe for warning signs, and seek healthcare when needed.","WHO"
"Child Safety and Health","Why is nutrition important for development?","Adequate nutrition supports healthy physical growth, brain development, immunity, energy, and learning.","WHO"
"Child Safety and Health","What is the “first 1,000 days”?","It is the period from conception through a child’s second birthday, a critical time for growth, brain development, nutrition, and health.","WHO"
"Child Safety and Health","What should be done if developmental delay is suspected?","The child should be assessed early and referred for appropriate intervention, because early support can improve outcomes.","WHO"
"Key Review Questions (Growth & Dev)","What are the most important things a child needs to develop well?","Good health, adequate nutrition, safety and security, responsive caregiving, and early learning opportunities.","WHO"
"Key Review Questions (Growth & Dev)","What should a caregiver do when a child cries, gestures, or shows hunger?","The caregiver should notice the signal, understand the possible need, and respond promptly and appropriately.","WHO"
"Key Review Questions (Growth & Dev)","Why should growth and development be assessed together?","Physical growth and developmental skills are connected; assessing both gives a clearer picture of the child’s overall health and well-being.","WHO"
"Key Review Questions (Growth & Dev)","What is the main goal of child health and development care?","The goal is to help every child survive, grow, learn, develop to their full potential, and live in a safe and supportive environment.","WHO"
"Vaccination and Immunization","What is immunization?","Immunization is the process by which a person becomes protected against a disease, usually through vaccination.","WHO"
"Vaccination and Immunization","What is a vaccine?","A vaccine is a product that helps the immune system recognize and fight a specific infection.","WHO"
"Vaccination and Immunization","How do vaccines work?","Vaccines train the immune system to produce antibodies and build protection without causing the disease itself.","WHO"
"Vaccination and Immunization","What are antibodies?","Antibodies are protective proteins made by the immune system to recognize and fight specific germs.","WHO"
"Vaccination and Immunization","What is the difference between vaccination and immunization?","Vaccination is receiving a vaccine, while immunization is developing protection against a disease.","WHO"
"Vaccination and Immunization","Why are vaccines important for children?","Vaccines protect children from serious diseases, disability, complications, and death.","WHO"
"Vaccination and Immunization","How many deaths does immunization prevent each year?","WHO estimates that immunization prevents about 3.5 to 5 million deaths each year.","WHO"
"Vaccination and Immunization","Can vaccines prevent more than one disease?","Yes. Some combination vaccines protect against several diseases with one injection.","WHO"
"Vaccination and Immunization","What diseases can vaccines protect children against?","Depending on the national schedule, vaccines can protect against tuberculosis, hepatitis B, polio, diphtheria, tetanus, pertussis, measles, rubella, mumps, rotavirus, pneumonia, meningitis, and other diseases.","WHO"
"Childhood Vaccination Schedule","Why does each country have its own childhood vaccination schedule?","Vaccine schedules vary according to local disease risks, available vaccines, national policy, and public-health needs.","WHO"
"Childhood Vaccination Schedule","Should parents follow the national immunization schedule?","Yes. The national schedule gives vaccines at the recommended ages for the best protection.","WHO"
"Childhood Vaccination Schedule","Why are some vaccines given soon after birth?","Some infections can be dangerous very early in life, so early vaccines help protect newborns as soon as possible.","WHO"
"Childhood Vaccination Schedule","Which vaccine may be given within 24 hours after birth?","In many national programmes, hepatitis B vaccine is given within the first 24 hours after birth.","WHO"
"Childhood Vaccination Schedule","Why is the hepatitis B birth dose important?","It helps protect newborns from hepatitis B infection, which can cause long-term liver disease.","WHO"
"Childhood Vaccination Schedule","Which vaccine may be given to protect against tuberculosis?","BCG vaccine is used in many countries to protect against severe forms of tuberculosis in children.","WHO"
"Childhood Vaccination Schedule","Why are some vaccines given in several doses?","Multiple doses help build, strengthen, and maintain the best immune protection.","WHO"
"Childhood Vaccination Schedule","What is a booster dose?","A booster dose is an additional dose that strengthens protection after the initial vaccine doses.","WHO"
"Childhood Vaccination Schedule","What should be done if a child misses a vaccine dose?","The child should visit a healthcare provider or immunization clinic for catch-up vaccination as soon as possible.","WHO"
"Childhood Vaccination Schedule","Does a missed vaccine dose mean the entire schedule must restart?","Usually, no. A healthcare provider can use a catch-up schedule; previous valid doses are generally counted.","WHO"
"Common Childhood Vaccines","What does DTP or DTaP vaccine protect against?","It protects against diphtheria, tetanus, and pertussis, also called whooping cough.","WHO"
"Common Childhood Vaccines","What is pertussis?","Pertussis, or whooping cough, is a highly contagious respiratory infection that can be very dangerous for infants.","WHO"
"Common Childhood Vaccines","What is polio?","Polio is a highly infectious viral disease that can cause permanent paralysis.","WHO"
"Common Childhood Vaccines","Why is polio vaccination important?","Polio has no cure, but vaccination can prevent the disease and paralysis.","WHO"
"Common Childhood Vaccines","What is Hib vaccine?","Hib vaccine protects against Haemophilus influenzae type b, which can cause serious pneumonia and meningitis.","WHO"
"Common Childhood Vaccines","What is pneumococcal vaccine?","Pneumococcal vaccine protects against infections that can cause pneumonia, meningitis, bloodstream infection, ear infection, and other serious illness.","WHO"
"Common Childhood Vaccines","What is rotavirus vaccine?","Rotavirus vaccine protects against rotavirus, a major cause of severe diarrhoea in young children.","WHO"
"Common Childhood Vaccines","Why is measles vaccination important?","Measles can cause high fever, rash, pneumonia, encephalitis, blindness, and death.","WHO"
"Common Childhood Vaccines","Why is measles vaccination usually given in more than one dose?","More than one dose improves protection and helps prevent outbreaks.","WHO"
"Common Childhood Vaccines","What is rubella?","Rubella is usually mild in children, but infection during pregnancy can cause fetal death or congenital rubella syndrome.","WHO"
"Common Childhood Vaccines","What is HPV vaccine?","HPV vaccine protects against human papillomavirus, which can cause cervical cancer and other cancers.","WHO"
"Common Childhood Vaccines","At what age may HPV vaccine be given?","It is commonly offered to girls and boys during adolescence according to the national immunization schedule.","WHO"
"Common Childhood Vaccines","What is malaria vaccine?","Malaria vaccine helps protect eligible children in areas where malaria is common, especially in parts of sub-Saharan Africa.","WHO"
"Vaccine Safety","Are vaccines safe?","Vaccines are carefully tested before approval and continuously monitored for safety after they are used.","WHO"
"Vaccine Safety","Can vaccines cause the diseases they protect against?","Vaccines use killed, weakened, or non-disease-causing components of germs, so they do not cause the disease or its complications.","WHO"
"Vaccine Safety","What are common mild reactions after vaccination?","Mild fever, tiredness, fussiness, soreness, redness, or swelling at the injection site can occur.","WHO"
"Vaccine Safety","Are mild reactions after vaccination normal?","Yes. Mild reactions usually show that the immune system is responding and commonly resolve on their own.","WHO"
"Vaccine Safety","What symptoms after vaccination need urgent medical attention?","Difficulty breathing, facial or throat swelling, widespread hives, severe weakness, unresponsiveness, seizures, or a very high fever require urgent medical evaluation.","WHO"
"Vaccine Safety","Why should the child’s vaccination record be kept?","It helps families and healthcare providers know which vaccines the child has received and which doses are still needed.","WHO"
"Vaccine Safety","What should a healthcare provider check before vaccination?","The provider should review the child’s age, vaccine history, health condition, allergies, contraindications, and the national vaccination schedule.","WHO"
"Vaccine Safety","What is a contraindication?","A contraindication is a condition in which a vaccine should not be given because it may be unsafe for that person.","WHO"
"Vaccine Safety","Does a mild illness usually prevent vaccination?","Mild illness often does not prevent vaccination, but the healthcare provider should assess the child.","WHO"
"Community Protection","What is herd immunity?","Herd immunity occurs when enough people in a community are immune, making it harder for disease to spread.","WHO"
"Community Protection","Why does high vaccine coverage protect vulnerable people?","It helps protect newborns, people with weakened immune systems, and others who cannot receive certain vaccines.","WHO"
"Community Protection","Why are measles outbreaks more likely when vaccine coverage drops?","Measles is highly contagious, so even small gaps in immunity can allow outbreaks to occur.","WHO"
"Community Protection","How many children globally missed all vaccination in 2025?","WHO reported that 13.5 million children missed out on any vaccination in 2025.","WHO"
"Community Protection","What was global coverage for three doses of DTP-containing vaccine in 2025?","Global DTP3 coverage was 85% in 2025.","WHO"
"Community Protection","What proportion of children received the first measles vaccine dose in 2025?","Global coverage for the first measles vaccine dose was 84% in 2025.","WHO"
"Community Protection","Why is vaccination considered a public-health priority?","Vaccination reduces illness and death, prevents outbreaks, protects communities, and is one of the most cost-effective health interventions.","WHO"
"Parent Education (Vaccines)","What should parents do before a child receives a vaccine?","They should tell the healthcare provider about allergies, health conditions, previous reactions, and medicines the child is taking.","WHO"
"Parent Education (Vaccines)","What should parents do after vaccination?","They should observe the child for expected mild reactions, keep the vaccination record, follow the next appointment date, and seek care for severe symptoms.","WHO"
"Parent Education (Vaccines)","Why is reliable vaccine information important?","Reliable information helps families make informed decisions and avoid misinformation that can delay or prevent life-saving vaccination.","WHO"
"Parent Education (Vaccines)","Where should parents get vaccine information?","Parents should use trusted sources such as WHO, national health authorities, pediatric healthcare providers, and local immunization clinics.","WHO"
"Common Childhood Illnesses","What are common serious illnesses in children?","Common serious childhood illnesses include pneumonia, diarrhoea, malaria, measles, malnutrition, and newborn conditions.","WHO"
"Common Childhood Illnesses","Why are childhood illnesses important?","Many illnesses that cause death in children under 5 years are preventable or treatable with timely care.","WHO"
"Common Childhood Illnesses","What are leading causes of death in children under 5 years?","Major causes include preterm birth complications, complications during birth, pneumonia, diarrhoea, malaria, and malnutrition.","WHO"
"Common Childhood Illnesses","What danger signs mean a child needs urgent medical care?","Danger signs include feeding problems, reduced activity, difficulty breathing, fever, feeling cold, fits or convulsions, and severe dehydration.","WHO"
"Common Childhood Illnesses","What is IMCI?","IMCI means Integrated Management of Childhood Illness.","WHO"
"Common Childhood Illnesses","What is the purpose of IMCI?","It combines prevention and treatment to manage common childhood illnesses, especially pneumonia, diarrhoea, malaria, measles, and malnutrition.","WHO"
"Common Childhood Illnesses","What are the three components of IMCI?","Improving healthcare workers’ case-management skills, improving health systems, and improving family and community practices.","WHO"
"Pneumonia","What is pneumonia?","Pneumonia is an acute respiratory infection that affects the lungs.","WHO"
"Pneumonia","What happens in the lungs during pneumonia?","The small air sacs, called alveoli, fill with pus and fluid, making breathing painful and limiting oxygen intake.","WHO"
"Pneumonia","What causes pneumonia in children?","Pneumonia can be caused by viruses, bacteria, or fungi.","WHO"
"Pneumonia","What is the most common bacterial cause of pneumonia in children?","Streptococcus pneumoniae is the most common bacterial cause.","WHO"
"Pneumonia","What is the second most common bacterial cause of pneumonia in children?","Haemophilus influenzae type b, or Hib.","WHO"
"Pneumonia","What is the most common viral cause of pneumonia in children?","Respiratory syncytial virus, or RSV.","WHO"
"Pneumonia","How can pneumonia spread?","Germs can spread through droplets from coughing or sneezing, by inhaling germs from the nose or throat into the lungs, or through blood around the time of birth.","WHO"
"Pneumonia","What are common signs of pneumonia in children?","Cough, difficult breathing, fever, fast breathing, lower chest wall indrawing, wheezing, poor feeding, or reduced activity.","WHO"
"Pneumonia","What is lower chest wall indrawing?","It is inward movement or retraction of the lower chest during inhalation. It can be a sign of severe breathing difficulty.","WHO"
"Pneumonia","What is a danger sign in a child with possible pneumonia?","Inability to feed or drink, unconsciousness, hypothermia, convulsions, severe breathing difficulty, or chest indrawing are danger signs.","WHO"
"Pneumonia","How is pneumonia treated?","Bacterial pneumonia is treated with antibiotics. WHO identifies amoxicillin dispersible tablets as first-line treatment for many cases.","WHO"
"Pneumonia","When may a child with pneumonia need hospital care?","Hospital care is needed for severe pneumonia, significant breathing difficulty, low oxygen levels, inability to feed, or other danger signs.","WHO"
"Pneumonia","How can pneumonia be prevented?","Prevention includes vaccination, exclusive breastfeeding for the first 6 months, adequate nutrition, handwashing, reducing indoor air pollution, and avoiding tobacco smoke.","WHO"
"Pneumonia","Which vaccines help prevent pneumonia?","Hib, pneumococcal, measles, and pertussis vaccines help prevent pneumonia.","WHO"
"Diarrhoea","What is diarrhoea?","Diarrhoea is passing loose or watery stools more frequently than normal.","WHO"
"Diarrhoea","Why can diarrhoea be dangerous in children?","It can quickly cause dehydration, electrolyte loss, malnutrition, and death if not treated appropriately.","WHO"
"Diarrhoea","What is dehydration?","Dehydration occurs when the body loses more fluid and electrolytes than it takes in.","WHO"
"Diarrhoea","What are signs of dehydration in a child?","Signs may include thirst, dry mouth, sunken eyes, little or no urine, lethargy, irritability, poor drinking, and reduced skin elasticity.","WHO"
"Diarrhoea","What is the main treatment for diarrhoea?","The main treatment is oral rehydration solution, or ORS, to replace lost water and electrolytes.","WHO"
"Diarrhoea","What is ORS?","ORS is a mixture of clean water, salt, and sugar in the correct proportions that helps prevent and treat dehydration.","WHO"
"Diarrhoea","Should feeding continue during diarrhoea?","Yes. Continued feeding and breastfeeding are important during diarrhoea.","WHO"
"Diarrhoea","Should breastfeeding continue if a child has diarrhoea?","Yes. Breastfeeding should continue and may be offered more frequently.","WHO"
"Diarrhoea","Why is zinc given during childhood diarrhoea?","Zinc can reduce the duration and severity of diarrhoea and may reduce the risk of new diarrhoea episodes in the following 2 to 3 months.","WHO"
"Diarrhoea","How long is zinc usually given for childhood diarrhoea?","WHO recommends zinc for 10 to 14 days.","WHO"
"Diarrhoea","What zinc dose is recommended for infants younger than 6 months?","The recommended dose is 10 mg per day for 10 to 14 days.","WHO"
"Diarrhoea","What zinc dose is recommended for children 6 months and older?","The recommended dose is 20 mg per day for 10 to 14 days.","WHO"
"Diarrhoea","Are antibiotics always needed for diarrhoea?","No. Antibiotics are not routinely needed for most childhood diarrhoea and should only be given when prescribed for a specific cause.","WHO"
"Diarrhoea","When should a child with diarrhoea be taken urgently to a health facility?","Urgent care is needed for severe dehydration, inability to drink, repeated vomiting, blood in stool, lethargy or unconsciousness, seizures, high fever, or worsening condition.","WHO"
"Diarrhoea","How can diarrhoea be prevented?","Prevention includes exclusive breastfeeding for the first 6 months, safe water, sanitation, handwashing with soap, safe food preparation, adequate nutrition, and vaccination such as rotavirus vaccination when included in the national programme.","WHO"
"Malaria","What is malaria?","Malaria is a life-threatening disease caused by parasites.","WHO"
"Malaria","How is malaria transmitted?","It is transmitted through the bites of infected female mosquitoes.","WHO"
"Malaria","What are common symptoms of malaria?","Symptoms can include fever, chills, sweating, headache, weakness, vomiting, and body aches.","WHO"
"Malaria","Why is malaria dangerous for children?","Malaria can rapidly cause severe anemia, seizures, coma, breathing problems, and death, especially in young children.","WHO"
"Malaria","How can malaria be prevented?","Prevention includes sleeping under insecticide-treated mosquito nets, using appropriate mosquito repellents, wearing protective clothing, and following local public-health guidance.","WHO"
"Malaria","When should a child with fever in a malaria-risk area receive medical assessment?","The child should receive prompt assessment because early diagnosis and treatment are important.","WHO"
"Malaria","Can malaria be prevented by vaccination?","In eligible areas, malaria vaccines may be offered to children as part of national malaria-control programmes.","WHO"
"Measles","What is measles?","Measles is a highly contagious viral infection.","WHO"
"Measles","What are common signs of measles?","Common symptoms include fever, cough, runny nose, red eyes, and a spreading rash.","WHO"
"Measles","Why is measles dangerous for children?","Measles can cause pneumonia, severe diarrhoea, encephalitis, blindness, malnutrition, and death.","WHO"
"Measles","How can measles be prevented?","Measles vaccination is the most effective prevention method.","WHO"
"Measles","Why is high measles vaccine coverage important?","High coverage prevents outbreaks and protects children who are too young or unable to receive the vaccine.","WHO"
"Malnutrition","What is malnutrition?","Malnutrition is poor nutrition caused by too little, too much, or an imbalance of energy and nutrients.","WHO"
"Malnutrition","Why is malnutrition dangerous for children?","It weakens the immune system, increases infection risk, slows growth and development, and can increase the risk of death.","WHO"
"Malnutrition","What are signs of possible malnutrition?","Poor weight gain, weight loss, stunting, weakness, swelling of the feet, reduced activity, poor appetite, and frequent illness may be warning signs.","WHO"
"Malnutrition","How can malnutrition be prevented?","Prevention includes exclusive breastfeeding for the first 6 months, timely complementary feeding from 6 months, continued breastfeeding, diverse nutritious food, growth monitoring, and treatment of infections.","WHO"
"Malnutrition","Why are nutrition and infection connected?","Malnutrition increases the risk and severity of infections, while repeated infections can worsen malnutrition.","WHO"
"Child Safety and Injury Prevention","What is an unintentional injury?","An unintentional injury is harm that occurs without the intention to cause injury, such as a fall, burn, drowning, poisoning, or road traffic crash.","WHO"
"Child Safety and Injury Prevention","Are childhood injuries preventable?","Yes. Many childhood injuries can be prevented by supervision, safe environments, protective equipment, and safety laws.","WHO"
"Child Safety and Injury Prevention","What are major causes of unintentional injury in children?","Major causes include road traffic injuries, drowning, burns, falls, poisoning, and choking.","WHO"
"Child Safety and Injury Prevention","Which injury cause is especially important worldwide?","Road traffic injuries, drowning, fire-related burns, falls, and poisoning are major causes of child injury and death.","WHO"
"Child Safety and Injury Prevention","Why are young children at high risk for injury?","Young children are curious, active, still learning safety skills, and may not recognize danger.","WHO"
"Child Safety and Injury Prevention","What is the most important way to prevent injuries in young children?","Active supervision by a responsible adult is essential.","WHO"
"Road Safety","Why are road traffic injuries dangerous for children?","Road traffic injuries can cause severe trauma, disability, and death.","WHO"
"Road Safety","What should children use when traveling in a car?","Children should use an age- and size-appropriate child restraint or car safety seat.","WHO"
"Road Safety","Why are child restraints important?","They reduce the risk of serious injury and death during motor vehicle crashes.","WHO"
"Road Safety","Should a child sit in the front seat of a car?","Young children should generally sit in the back seat with an appropriate child restraint, according to local laws and safety guidance.","WHO"
"Road Safety","Why should children wear seat belts?","Seat belts help reduce injury during sudden stops or crashes.","WHO"
"Road Safety","What should children wear when riding a bicycle?","They should wear a properly fitted helmet.","WHO"
"Road Safety","What safety practices reduce road injuries near schools?","Reduced speed limits, safe crossing areas, sidewalks, traffic calming, adult supervision, and teaching road-safety skills can reduce injuries.","WHO"
"Road Safety","Why should drivers avoid distraction and alcohol?","Distracted or impaired driving increases the risk of serious road traffic injuries.","WHO"
"Drowning Prevention","What is drowning?","Drowning is respiratory impairment caused by being under or in water.","WHO"
"Drowning Prevention","Is drowning always fatal?","No. Drowning can be fatal or nonfatal, but nonfatal drowning can still cause serious brain injury.","WHO"
"Drowning Prevention","Why are children at risk for drowning?","Children may drown quickly and silently, even in shallow water, bathtubs, buckets, pools, rivers, lakes, or the sea.","WHO"
"Drowning Prevention","Should children be left alone near water?","No. Children should never be left unsupervised near or in water.","WHO"
"Drowning Prevention","Does a life jacket replace adult supervision?","No. Life jackets are helpful, but constant adult supervision is still necessary.","WHO"
"Drowning Prevention","What is an important drowning-prevention strategy for preschool children?","Provide safe, capable childcare away from water hazards.","WHO"
"Drowning Prevention","What can reduce drowning around swimming pools?","Four-sided pool fencing with self-closing and self-latching gates can reduce access to water.","WHO"
"Drowning Prevention","What skills should school-age children learn?","They should learn basic swimming, water safety, and safe rescue skills.","WHO"
"Drowning Prevention","Why should adults learn resuscitation?","Early rescue breathing and cardiopulmonary resuscitation can save a child’s life after drowning.","WHO"
"Drowning Prevention","What is the global ranking of drowning for children aged 5 to 14 years?","Drowning is the sixth leading cause of death for children aged 5 to 14 years.","WHO"
"Burns and Fire Safety","What are common causes of burns in children?","Hot liquids, hot food, stoves, fires, hot water, electrical sources, chemicals, and hot surfaces can cause burns.","WHO"
"Burns and Fire Safety","Why are young children at high risk for burns?","Young children may touch hot objects, pull hot liquids down, or not understand danger.","WHO"
"Burns and Fire Safety","How can hot-liquid burns be prevented?","Keep hot drinks and food out of reach, turn pot handles inward, avoid carrying hot liquids while holding a child, and supervise cooking.","WHO"
"Burns and Fire Safety","How can hot-water burns be prevented?","Set hot-water temperatures safely and test bath water before placing a child in it.","WHO"
"Burns and Fire Safety","Why are smoke alarms important?","Smoke alarms provide early warning of fire and can give families time to leave safely.","WHO"
"Burns and Fire Safety","What should a family have for fire safety?","Smoke alarms, an escape plan, safe storage of matches and lighters, and close supervision around cooking or fire.","WHO"
"Burns and Fire Safety","What should be done immediately for a minor thermal burn?","Cool the burn with clean, cool running water. Do not apply ice, toothpaste, butter, or other home remedies.","WHO"
"Burns and Fire Safety","When does a burn need urgent medical care?","Seek urgent care for large burns, deep burns, burns to the face, hands, feet, genitals, or joints, electrical or chemical burns, breathing difficulty, or burns in infants and young children.","WHO"
"Fall Prevention","Why are falls dangerous for children?","Falls can cause fractures, head injuries, internal injuries, and disability.","WHO"
"Fall Prevention","Where do childhood falls commonly occur?","Falls may occur from beds, stairs, windows, balconies, playground equipment, furniture, and changing tables.","WHO"
"Fall Prevention","How can falls from windows and balconies be prevented?","Use window guards, balcony guards, safety locks, and keep furniture away from windows.","WHO"
"Fall Prevention","How can stair-related falls be prevented?","Use safety gates at the top and bottom of stairs and keep stairs clear and well lit.","WHO"
"Fall Prevention","How can playground injuries be reduced?","Use age-appropriate equipment, safe surfaces, regular maintenance, and adult supervision.","WHO"
"Fall Prevention","Should infants be left alone on beds, sofas, or changing tables?","No. Infants can roll unexpectedly and should always be supervised.","WHO"
"Poisoning Prevention","What is poisoning?","Poisoning occurs when a child swallows, inhales, touches, or is exposed to a harmful substance.","WHO"
"Poisoning Prevention","What substances can cause poisoning in children?","Medicines, cleaning products, pesticides, chemicals, alcohol, cosmetics, batteries, and some plants can cause poisoning.","WHO"
"Poisoning Prevention","How should medicines be stored?","Medicines should be stored locked, out of sight and reach of children, and in their original containers.","WHO"
"Poisoning Prevention","Why should medicines stay in original containers?","Original containers have correct labels, instructions, and child-resistant packaging.","WHO"
"Poisoning Prevention","Should medicine be called “candy” to encourage a child to take it?","No. Calling medicine candy can make children more likely to take it without supervision.","WHO"
"Poisoning Prevention","How should household chemicals be stored?","Keep them locked, in original containers, away from food, and out of reach of children.","WHO"
"Poisoning Prevention","What should be done if poisoning is suspected?","Seek urgent medical or poison-control advice immediately. Do not make the child vomit unless instructed by a healthcare professional.","WHO"
"Poisoning Prevention","Why is child-resistant packaging important?","It helps reduce children’s access to medicines and poisons, although it does not replace supervision and safe storage.","WHO"
"Choking Prevention","What is choking?","Choking happens when an object blocks the airway and prevents normal breathing.","WHO"
"Choking Prevention","What foods can cause choking in young children?","Whole grapes, nuts, popcorn, hard candy, chunks of meat or cheese, and other small, round, hard, or sticky foods can cause choking.","WHO"
"Choking Prevention","How can food-related choking be prevented?","Cut food into small pieces, prepare food safely, ensure the child sits while eating, and supervise meals.","WHO"
"Choking Prevention","What small objects can cause choking?","Coins, button batteries, small toy parts, marbles, buttons, balloons, and beads can cause choking.","WHO"
"Choking Prevention","What should a caregiver do if a child is choking and cannot breathe, cry, or cough?","Call emergency services immediately and provide age-appropriate choking first aid if trained.","WHO"
"Choking Prevention","Why are button batteries especially dangerous?","Button batteries can cause severe internal burns if swallowed and require emergency medical care.","WHO"